number,label,title,created,html_url,state
1,[],"Updated rpc, website and faucet links koltigin_1540493-1.json",2024-02-05 15:38:21+00:00,https://github.com/dymensionxyz/chain-registry/pull/1,open
2,[],Added my new RollApp,2024-02-05 16:07:56+00:00,https://github.com/dymensionxyz/chain-registry/pull/2,closed
3,[],add osmosis,2024-02-05 18:12:45+00:00,https://github.com/dymensionxyz/chain-registry/pull/3,closed
4,[],Add RollApp - JLCripto,2024-02-05 19:16:47+00:00,https://github.com/dymensionxyz/chain-registry/pull/4,open
5,[],Update qavurdagli_3181994-1.json,2024-02-05 20:09:10+00:00,https://github.com/dymensionxyz/chain-registry/pull/5,open
6,[],register emberstake_3838714-1 rollapp,2024-02-05 21:22:59+00:00,https://github.com/dymensionxyz/chain-registry/pull/6,closed
7,[],Update meww_5192460-1.json,2024-02-05 23:04:16+00:00,https://github.com/dymensionxyz/chain-registry/pull/7,closed
8,[],Update aooo_7408480-1.json,2024-02-06 02:27:52+00:00,https://github.com/dymensionxyz/chain-registry/pull/8,open
9,[],RollApp using DA AvailProject,2024-02-06 02:30:21+00:00,https://github.com/dymensionxyz/chain-registry/pull/9,open
10,[],Update lala_3499152-1.json,2024-02-06 02:33:55+00:00,https://github.com/dymensionxyz/chain-registry/pull/10,open
11,[],Update anuoa_2671958-1.json,2024-02-06 02:38:06+00:00,https://github.com/dymensionxyz/chain-registry/pull/11,open
12,[],Update ceoop_1577640-1.json,2024-02-06 02:41:38+00:00,https://github.com/dymensionxyz/chain-registry/pull/12,open
13,[],Update brkoe_2857054-1.json,2024-02-06 02:44:46+00:00,https://github.com/dymensionxyz/chain-registry/pull/13,open
14,[],Update aomdm_9770056-1.json,2024-02-06 02:47:39+00:00,https://github.com/dymensionxyz/chain-registry/pull/14,open
15,[],Update aoodo_4930131-1.json,2024-02-06 02:57:18+00:00,https://github.com/dymensionxyz/chain-registry/pull/15,open
16,[],Update appoid_9070045-1.json,2024-02-06 03:00:58+00:00,https://github.com/dymensionxyz/chain-registry/pull/16,open
17,[],Update oadoo_2268284-1.json,2024-02-06 03:03:15+00:00,https://github.com/dymensionxyz/chain-registry/pull/17,open
18,[],Update ayanyu_1442638-1.json,2024-02-06 03:05:38+00:00,https://github.com/dymensionxyz/chain-registry/pull/18,open
19,[],Update apwon_7620042-1.json,2024-02-06 03:09:45+00:00,https://github.com/dymensionxyz/chain-registry/pull/19,open
20,[],Add wtlj_8656096-1 rollapp,2024-02-06 09:13:31+00:00,https://github.com/dymensionxyz/chain-registry/pull/20,open
21,[],added RollApp sandock_7919055-1,2024-02-06 12:08:47+00:00,https://github.com/dymensionxyz/chain-registry/pull/21,open
22,[],"Added my new  RollApp""ilaNihas""",2024-02-06 12:28:35+00:00,https://github.com/dymensionxyz/chain-registry/pull/22,open
23,[],Add rollup heldym_9169851-1,2024-02-06 15:43:10+00:00,https://github.com/dymensionxyz/chain-registry/pull/23,open
24,[],adding lodestar rollapp <3,2024-02-07 00:33:26+00:00,https://github.com/dymensionxyz/chain-registry/pull/24,closed
25,[],Adding rain_7502427-1,2024-02-07 02:05:11+00:00,https://github.com/dymensionxyz/chain-registry/pull/25,open
26,[],Add RollApp hear_3117964-1,2024-02-07 03:19:17+00:00,https://github.com/dymensionxyz/chain-registry/pull/26,open
27,[],Update provalidator_6744419-1.json,2024-02-07 08:54:04+00:00,https://github.com/dymensionxyz/chain-registry/pull/27,open
28,[],Update orangeclub_5670139-1.json,2024-02-07 09:30:54+00:00,https://github.com/dymensionxyz/chain-registry/pull/28,open
29,[],Add taka_1376551-1 ,2024-02-07 09:32:30+00:00,https://github.com/dymensionxyz/chain-registry/pull/29,open
30,[],Change DA to Avail,2024-02-07 14:23:54+00:00,https://github.com/dymensionxyz/chain-registry/pull/30,open
31,[],Add files via upload,2024-02-07 14:58:30+00:00,https://github.com/dymensionxyz/chain-registry/pull/31,open
32,[],Adding RollApp DA Avail,2024-02-07 15:19:41+00:00,https://github.com/dymensionxyz/chain-registry/pull/32,open
34,[],Adding RollApp DA Avail blockchaindev_5542733-1,2024-02-07 15:54:56+00:00,https://github.com/dymensionxyz/chain-registry/pull/34,closed
35,[],Add koalabear rollapp,2024-02-07 15:56:30+00:00,https://github.com/dymensionxyz/chain-registry/pull/35,closed
36,[],Update gonygogo_5700745-1.json,2024-02-07 15:57:21+00:00,https://github.com/dymensionxyz/chain-registry/pull/36,closed
37,[],Update icforx_2303127-1.json,2024-02-07 16:01:26+00:00,https://github.com/dymensionxyz/chain-registry/pull/37,open
38,[],Add Rollapp,2024-02-07 16:05:57+00:00,https://github.com/dymensionxyz/chain-registry/pull/38,closed
39,[],Update stakingcabin_3534967-1.json,2024-02-07 16:07:16+00:00,https://github.com/dymensionxyz/chain-registry/pull/39,closed
40,[],added RollApp,2024-02-07 16:11:40+00:00,https://github.com/dymensionxyz/chain-registry/pull/40,closed
41,[],gollo_2780110-1,2024-02-07 16:12:51+00:00,https://github.com/dymensionxyz/chain-registry/pull/41,open
42,[],Update poltava_3746287-1.json,2024-02-07 16:13:20+00:00,https://github.com/dymensionxyz/chain-registry/pull/42,open
43,[],Adding jujien_9770265-1,2024-02-07 16:14:36+00:00,https://github.com/dymensionxyz/chain-registry/pull/43,closed
44,[],Add files via upload - zekrid,2024-02-07 16:18:02+00:00,https://github.com/dymensionxyz/chain-registry/pull/44,open
45,[],Update omegayon_8075298-1,2024-02-07 16:18:25+00:00,https://github.com/dymensionxyz/chain-registry/pull/45,closed
46,[],Added carvail_6218751-1,2024-02-07 16:21:31+00:00,https://github.com/dymensionxyz/chain-registry/pull/46,open
47,[],Add phuongdh_1836224-1 RollApp,2024-02-07 16:23:20+00:00,https://github.com/dymensionxyz/chain-registry/pull/47,closed
48,[],adding RollApp,2024-02-07 16:24:29+00:00,https://github.com/dymensionxyz/chain-registry/pull/48,closed
49,[],qsang_6850019-1,2024-02-07 16:29:49+00:00,https://github.com/dymensionxyz/chain-registry/pull/49,open
50,[],Add kjnodes rollapp for Clash of Nodes challenge,2024-02-07 16:35:25+00:00,https://github.com/dymensionxyz/chain-registry/pull/50,open
51,[],add rollapp,2024-02-07 16:37:41+00:00,https://github.com/dymensionxyz/chain-registry/pull/51,closed
52,[],adaconna_1309299-1,2024-02-07 16:40:22+00:00,https://github.com/dymensionxyz/chain-registry/pull/52,open
53,[],Add files via upload,2024-02-07 16:41:31+00:00,https://github.com/dymensionxyz/chain-registry/pull/53,open
54,[],Add files via upload,2024-02-07 16:41:42+00:00,https://github.com/dymensionxyz/chain-registry/pull/54,closed
55,[],update cherry_1491560-1,2024-02-07 16:43:11+00:00,https://github.com/dymensionxyz/chain-registry/pull/55,open
56,[],add talentbuilder_5444446-1 RollApp,2024-02-07 16:44:11+00:00,https://github.com/dymensionxyz/chain-registry/pull/56,closed
57,[],added RollApp,2024-02-07 16:51:40+00:00,https://github.com/dymensionxyz/chain-registry/pull/57,open
58,[],Add RollApp phuongdh_1836224-1,2024-02-07 16:56:12+00:00,https://github.com/dymensionxyz/chain-registry/pull/58,open
59,[],Add Zodiac chain,2024-02-07 16:56:35+00:00,https://github.com/dymensionxyz/chain-registry/pull/59,open
60,[],Adding  Rollapp  jado_1315517-1,2024-02-07 16:59:18+00:00,https://github.com/dymensionxyz/chain-registry/pull/60,open
61,[],Add files via upload,2024-02-07 17:00:25+00:00,https://github.com/dymensionxyz/chain-registry/pull/61,open
62,[],ngen_4291129-1,2024-02-07 17:04:24+00:00,https://github.com/dymensionxyz/chain-registry/pull/62,open
63,[],Shassi,2024-02-07 17:06:39+00:00,https://github.com/dymensionxyz/chain-registry/pull/63,closed
64,[],adding rollapp opium_4519955-1,2024-02-07 17:07:15+00:00,https://github.com/dymensionxyz/chain-registry/pull/64,open
65,[],Add files via upload,2024-02-07 17:20:03+00:00,https://github.com/dymensionxyz/chain-registry/pull/65,open
66,[],Add thorizer_1778361-1,2024-02-07 17:27:04+00:00,https://github.com/dymensionxyz/chain-registry/pull/66,closed
67,[],Update gonluzenginrollapp_6211025-1.json,2024-02-07 17:27:23+00:00,https://github.com/dymensionxyz/chain-registry/pull/67,closed
68,[],Change Celestia DA to Avail,2024-02-07 17:30:27+00:00,https://github.com/dymensionxyz/chain-registry/pull/68,closed
69,[],change DA Avail ,2024-02-07 17:33:03+00:00,https://github.com/dymensionxyz/chain-registry/pull/69,closed
70,[],Update coinhunterstr_9628364-1.json,2024-02-07 17:33:49+00:00,https://github.com/dymensionxyz/chain-registry/pull/70,open
71,[],Add thorizer_1778361-1,2024-02-07 17:37:30+00:00,https://github.com/dymensionxyz/chain-registry/pull/71,closed
72,[],Update dmax_3210602-1.json,2024-02-07 17:39:35+00:00,https://github.com/dymensionxyz/chain-registry/pull/72,open
73,[],Update bootstraprollapp_9294242-1.json,2024-02-07 17:44:42+00:00,https://github.com/dymensionxyz/chain-registry/pull/73,open
74,[],Update srknssmnrollapp_3009350-1.json,2024-02-07 17:45:32+00:00,https://github.com/dymensionxyz/chain-registry/pull/74,open
75,[],RollApp using DA AvailProject,2024-02-07 17:53:01+00:00,https://github.com/dymensionxyz/chain-registry/pull/75,closed
76,[],Add krews_5203950-1,2024-02-07 17:54:11+00:00,https://github.com/dymensionxyz/chain-registry/pull/76,closed
77,[],Update htonka_9297029-1.json,2024-02-07 17:54:58+00:00,https://github.com/dymensionxyz/chain-registry/pull/77,open
78,[],Add meloselo_4803583-1,2024-02-07 18:01:10+00:00,https://github.com/dymensionxyz/chain-registry/pull/78,open
79,[],Update meww_5192460-1.json,2024-02-07 18:04:47+00:00,https://github.com/dymensionxyz/chain-registry/pull/79,closed
80,[],added RollApp,2024-02-07 18:05:08+00:00,https://github.com/dymensionxyz/chain-registry/pull/80,open
81,[],Add mmuatt_2419679-1,2024-02-07 18:09:49+00:00,https://github.com/dymensionxyz/chain-registry/pull/81,open
82,[],Added my new RollApp,2024-02-07 18:15:19+00:00,https://github.com/dymensionxyz/chain-registry/pull/82,open
83,[],Add files via upload,2024-02-07 18:16:16+00:00,https://github.com/dymensionxyz/chain-registry/pull/83,open
84,[],Update terebelskabp_3997141-1.json,2024-02-07 18:17:53+00:00,https://github.com/dymensionxyz/chain-registry/pull/84,closed
85,[],morpheus_3668365-1,2024-02-07 18:23:01+00:00,https://github.com/dymensionxyz/chain-registry/pull/85,open
86,[],intruder_8053312-1,2024-02-07 18:32:05+00:00,https://github.com/dymensionxyz/chain-registry/pull/86,open
87,[],Update kriptosekici_7874642-1.json,2024-02-07 18:40:52+00:00,https://github.com/dymensionxyz/chain-registry/pull/87,closed
88,[],Add files via upload,2024-02-07 18:42:23+00:00,https://github.com/dymensionxyz/chain-registry/pull/88,open
89,[],Update taybew_6689942-1.json,2024-02-07 18:47:48+00:00,https://github.com/dymensionxyz/chain-registry/pull/89,closed
90,[],Update wwanyone_7167961-1.json,2024-02-07 19:04:32+00:00,https://github.com/dymensionxyz/chain-registry/pull/90,open
91,[],peyruznode_3820966-1.json,2024-02-07 19:11:41+00:00,https://github.com/dymensionxyz/chain-registry/pull/91,closed
92,[],Add files via upload,2024-02-07 19:20:54+00:00,https://github.com/dymensionxyz/chain-registry/pull/92,open
93,[],skyking_3248598-1,2024-02-07 19:24:52+00:00,https://github.com/dymensionxyz/chain-registry/pull/93,open
94,[],Update serotonin_3433423-1.json,2024-02-07 19:37:52+00:00,https://github.com/dymensionxyz/chain-registry/pull/94,closed
95,[],yaya_4792614-1,2024-02-07 19:43:39+00:00,https://github.com/dymensionxyz/chain-registry/pull/95,open
96,[],Create hkn_4495935-1.json,2024-02-07 19:44:03+00:00,https://github.com/dymensionxyz/chain-registry/pull/96,closed
97,[],Add files via upload,2024-02-07 19:46:13+00:00,https://github.com/dymensionxyz/chain-registry/pull/97,closed
98,[],Add files via upload,2024-02-07 20:01:00+00:00,https://github.com/dymensionxyz/chain-registry/pull/98,open
99,[],Add goldstrok_9756699-1,2024-02-07 20:01:18+00:00,https://github.com/dymensionxyz/chain-registry/pull/99,open
100,[],Add rollapp astral_5427518-1,2024-02-07 20:01:22+00:00,https://github.com/dymensionxyz/chain-registry/pull/100,open
101,[],Update dymension_1100-1.json,2024-02-07 20:07:56+00:00,https://github.com/dymensionxyz/chain-registry/pull/101,open
102,[],added RollApp,2024-02-07 20:20:58+00:00,https://github.com/dymensionxyz/chain-registry/pull/102,closed
103,[],Adding Rollapp,2024-02-07 20:35:02+00:00,https://github.com/dymensionxyz/chain-registry/pull/103,open
104,[],Update DA to Avail,2024-02-07 20:45:40+00:00,https://github.com/dymensionxyz/chain-registry/pull/104,closed
105,[],Update burayman_7681999-1.json,2024-02-07 20:45:57+00:00,https://github.com/dymensionxyz/chain-registry/pull/105,closed
106,[],Update luo_3881685-1.json,2024-02-07 20:48:54+00:00,https://github.com/dymensionxyz/chain-registry/pull/106,open
107,[],baco_2348843-1,2024-02-07 21:09:30+00:00,https://github.com/dymensionxyz/chain-registry/pull/107,open
108,[],Update Da to Avail,2024-02-07 21:35:46+00:00,https://github.com/dymensionxyz/chain-registry/pull/108,closed
109,[],Update Da to Avail,2024-02-07 21:42:57+00:00,https://github.com/dymensionxyz/chain-registry/pull/109,closed
110,[],Add files via upload,2024-02-07 21:53:10+00:00,https://github.com/dymensionxyz/chain-registry/pull/110,closed
111,[],Add RollUp(DA:Avail) mgcrypto_1398867-1.json,2024-02-07 22:14:16+00:00,https://github.com/dymensionxyz/chain-registry/pull/111,open
112,[],Update zardozmonopoly_6571075-1.json,2024-02-07 22:44:46+00:00,https://github.com/dymensionxyz/chain-registry/pull/112,closed
113,[],Update exodus_3220944-1.json,2024-02-07 22:51:28+00:00,https://github.com/dymensionxyz/chain-registry/pull/113,open
114,[],Add files via upload,2024-02-07 22:53:26+00:00,https://github.com/dymensionxyz/chain-registry/pull/114,open
115,[],Switched to avail da,2024-02-07 23:01:37+00:00,https://github.com/dymensionxyz/chain-registry/pull/115,closed
116,[],add nftymension_9105632-1,2024-02-07 23:09:05+00:00,https://github.com/dymensionxyz/chain-registry/pull/116,closed
117,[],Update Da to Avail - linhdo_5974646-1,2024-02-07 23:35:52+00:00,https://github.com/dymensionxyz/chain-registry/pull/117,open
118,[],Avail DA,2024-02-07 23:38:04+00:00,https://github.com/dymensionxyz/chain-registry/pull/118,open
119,[],Update Da to Avail - binh_2094,2024-02-07 23:40:41+00:00,https://github.com/dymensionxyz/chain-registry/pull/119,open
120,[],Update Da to Avail - phonglinh_9838,2024-02-07 23:45:32+00:00,https://github.com/dymensionxyz/chain-registry/pull/120,open
121,[],added iamshaho_9963633-1,2024-02-07 23:58:26+00:00,https://github.com/dymensionxyz/chain-registry/pull/121,open
122,[],Update Da to Avail - khoi_8364,2024-02-08 00:05:49+00:00,https://github.com/dymensionxyz/chain-registry/pull/122,open
123,[],Update wave_2282041-1.json ,2024-02-08 00:08:32+00:00,https://github.com/dymensionxyz/chain-registry/pull/123,closed
124,[],Update masdg_6786107-1.json,2024-02-08 00:26:16+00:00,https://github.com/dymensionxyz/chain-registry/pull/124,open
125,[],Add pthieu_2261670-1 RollApp,2024-02-08 00:59:36+00:00,https://github.com/dymensionxyz/chain-registry/pull/125,open
126,[],Added Rollapp Avail,2024-02-08 01:02:13+00:00,https://github.com/dymensionxyz/chain-registry/pull/126,open
127,[],Added RollApp Avail,2024-02-08 01:08:42+00:00,https://github.com/dymensionxyz/chain-registry/pull/127,open
128,[],Add rollapp Sea_3998836-1,2024-02-08 01:09:51+00:00,https://github.com/dymensionxyz/chain-registry/pull/128,open
129,[],added RollApp,2024-02-08 01:17:37+00:00,https://github.com/dymensionxyz/chain-registry/pull/129,closed
130,[],Update kriptoescobar_5799668-1.json,2024-02-08 01:19:16+00:00,https://github.com/dymensionxyz/chain-registry/pull/130,open
131,[],hamed_1596302-1,2024-02-08 01:22:40+00:00,https://github.com/dymensionxyz/chain-registry/pull/131,open
132,[],FRUG,2024-02-08 01:35:36+00:00,https://github.com/dymensionxyz/chain-registry/pull/132,closed
133,[],Update thonguyen_8920268-1.json,2024-02-08 01:40:17+00:00,https://github.com/dymensionxyz/chain-registry/pull/133,closed
134,[],added RollApp hardcore_6577068-1,2024-02-08 01:51:06+00:00,https://github.com/dymensionxyz/chain-registry/pull/134,open
135,[],Add ROLLAPP,2024-02-08 02:11:47+00:00,https://github.com/dymensionxyz/chain-registry/pull/135,open
136,[],Added tytynoderunner_4789706-1,2024-02-08 02:52:30+00:00,https://github.com/dymensionxyz/chain-registry/pull/136,open
137,[],Added my new RollApp,2024-02-08 02:54:12+00:00,https://github.com/dymensionxyz/chain-registry/pull/137,open
138,[],Update allexiz_3664955-1.json,2024-02-08 02:59:11+00:00,https://github.com/dymensionxyz/chain-registry/pull/138,open
139,[],Registering rosetea RollApp,2024-02-08 03:01:32+00:00,https://github.com/dymensionxyz/chain-registry/pull/139,open
140,[],added pandevelop_7685678-1 RollApp,2024-02-08 03:07:22+00:00,https://github.com/dymensionxyz/chain-registry/pull/140,closed
141,[],Add RollApp — HopiumKiller,2024-02-08 03:40:48+00:00,https://github.com/dymensionxyz/chain-registry/pull/141,open
142,[],token_1165593-1 Avail rollapp,2024-02-08 04:05:11+00:00,https://github.com/dymensionxyz/chain-registry/pull/142,open
143,[],Update pierreneter_20-1,2024-02-08 04:21:57+00:00,https://github.com/dymensionxyz/chain-registry/pull/143,closed
144,[],avail x dymensionxyz PR,2024-02-08 04:28:04+00:00,https://github.com/dymensionxyz/chain-registry/pull/144,open
145,[],added RollApp drollapp_2480108-1,2024-02-08 05:00:16+00:00,https://github.com/dymensionxyz/chain-registry/pull/145,open
146,[],Adding avail_4338417-1,2024-02-08 05:13:33+00:00,https://github.com/dymensionxyz/chain-registry/pull/146,open
147,[],Add RollApp - dieuts_5683049-1,2024-02-08 05:28:35+00:00,https://github.com/dymensionxyz/chain-registry/pull/147,open
148,[],Avail rollapp_baba_2955996-1,2024-02-08 05:29:36+00:00,https://github.com/dymensionxyz/chain-registry/pull/148,open
149,[],Update DA Avail secard_1563833-1,2024-02-08 05:58:21+00:00,https://github.com/dymensionxyz/chain-registry/pull/149,closed
150,[],Update wave_2282041-1 RollApp,2024-02-08 05:59:24+00:00,https://github.com/dymensionxyz/chain-registry/pull/150,closed
151,[],Update RollApp wave_2282041-1,2024-02-08 06:03:14+00:00,https://github.com/dymensionxyz/chain-registry/pull/151,open
152,[],New Rollapp,2024-02-08 06:15:07+00:00,https://github.com/dymensionxyz/chain-registry/pull/152,open
153,[],Update altair_6298050-1.json,2024-02-08 06:16:52+00:00,https://github.com/dymensionxyz/chain-registry/pull/153,open
154,[],Added Terra phoenix-1 mainnet,2024-02-08 06:18:03+00:00,https://github.com/dymensionxyz/chain-registry/pull/154,open
155,[],mrnobody_5298505-1,2024-02-08 06:21:14+00:00,https://github.com/dymensionxyz/chain-registry/pull/155,open
156,[],quochaivietnam_4064585-1,2024-02-08 06:26:05+00:00,https://github.com/dymensionxyz/chain-registry/pull/156,open
157,[],Sapphire Rollapp,2024-02-08 07:40:48+00:00,https://github.com/dymensionxyz/chain-registry/pull/157,closed
158,[],Added my new RollApp,2024-02-08 07:44:19+00:00,https://github.com/dymensionxyz/chain-registry/pull/158,open
159,[],Update cinarroller_4037364-1.json,2024-02-08 07:47:57+00:00,https://github.com/dymensionxyz/chain-registry/pull/159,open
160,[],Add HawkEye RollApp with Avail,2024-02-08 07:48:47+00:00,https://github.com/dymensionxyz/chain-registry/pull/160,open
161,[],added baozi_3159480-1 RollApp,2024-02-08 08:08:31+00:00,https://github.com/dymensionxyz/chain-registry/pull/161,closed
162,[],zeycan,2024-02-08 08:25:37+00:00,https://github.com/dymensionxyz/chain-registry/pull/162,closed
163,[],Update burayman_7681999-1.json,2024-02-08 08:40:44+00:00,https://github.com/dymensionxyz/chain-registry/pull/163,closed
164,[],Update allexiz_3664955-1.json,2024-02-08 08:51:16+00:00,https://github.com/dymensionxyz/chain-registry/pull/164,open
165,[],Update DA from Celestia to Avail,2024-02-08 08:52:27+00:00,https://github.com/dymensionxyz/chain-registry/pull/165,closed
166,[],Update allexiz_3664955-1.json,2024-02-08 08:59:45+00:00,https://github.com/dymensionxyz/chain-registry/pull/166,open
167,[],Update PR Avail Wojak Game,2024-02-08 10:15:27+00:00,https://github.com/dymensionxyz/chain-registry/pull/167,closed
168,[],kongar_5373544-1,2024-02-08 10:19:09+00:00,https://github.com/dymensionxyz/chain-registry/pull/168,open
169,[],Add files via upload,2024-02-08 10:20:20+00:00,https://github.com/dymensionxyz/chain-registry/pull/169,open
170,[],added kiki_1803013-1,2024-02-08 10:37:49+00:00,https://github.com/dymensionxyz/chain-registry/pull/170,open
171,[],Adding blockchaindev_5542733-1,2024-02-08 11:11:21+00:00,https://github.com/dymensionxyz/chain-registry/pull/171,closed
172,[],avail da,2024-02-08 11:26:06+00:00,https://github.com/dymensionxyz/chain-registry/pull/172,closed
173,[],Adding AppChain alfan ✨,2024-02-08 11:43:51+00:00,https://github.com/dymensionxyz/chain-registry/pull/173,closed
174,[],Update DA Avail xasla_9657905-1.json,2024-02-08 12:07:10+00:00,https://github.com/dymensionxyz/chain-registry/pull/174,open
175,[],Update DA from Celestia to Avail,2024-02-08 12:11:38+00:00,https://github.com/dymensionxyz/chain-registry/pull/175,open
176,[],add my rollapp,2024-02-08 12:37:30+00:00,https://github.com/dymensionxyz/chain-registry/pull/176,open
177,[],added RollApp,2024-02-08 12:47:11+00:00,https://github.com/dymensionxyz/chain-registry/pull/177,open
178,[],added RollApp,2024-02-08 13:11:26+00:00,https://github.com/dymensionxyz/chain-registry/pull/178,open
179,[],Add my new rollapp,2024-02-08 13:56:31+00:00,https://github.com/dymensionxyz/chain-registry/pull/179,closed
180,[],yogicz_5790483-1,2024-02-08 13:59:18+00:00,https://github.com/dymensionxyz/chain-registry/pull/180,open
181,[],Adding blockchaindev_5542733-1,2024-02-08 14:03:30+00:00,https://github.com/dymensionxyz/chain-registry/pull/181,closed
182,[],Adding my new rollap,2024-02-08 14:12:30+00:00,https://github.com/dymensionxyz/chain-registry/pull/182,open
183,[],added RollApp,2024-02-08 14:19:16+00:00,https://github.com/dymensionxyz/chain-registry/pull/183,open
184,[],Adding faraavail_6071273-1,2024-02-08 14:26:34+00:00,https://github.com/dymensionxyz/chain-registry/pull/184,closed
185,[],pwoo_7563397-1,2024-02-08 14:58:40+00:00,https://github.com/dymensionxyz/chain-registry/pull/185,open
186,[],donchicken_2358483-1,2024-02-08 15:16:29+00:00,https://github.com/dymensionxyz/chain-registry/pull/186,open
187,[],Update ssl for tuanphamit RollApp,2024-02-08 15:18:00+00:00,https://github.com/dymensionxyz/chain-registry/pull/187,closed
188,[],Added zeycan_3437501-1,2024-02-08 15:22:55+00:00,https://github.com/dymensionxyz/chain-registry/pull/188,closed
189,[],Adding kyiv_3845406-1,2024-02-08 15:24:47+00:00,https://github.com/dymensionxyz/chain-registry/pull/189,open
190,[],Add kieucandy RollApp,2024-02-08 15:28:38+00:00,https://github.com/dymensionxyz/chain-registry/pull/190,closed
191,[],chip_5322901-1 added RollApp,2024-02-08 15:56:53+00:00,https://github.com/dymensionxyz/chain-registry/pull/191,open
192,[],junesweet_5506716-1,2024-02-08 16:18:21+00:00,https://github.com/dymensionxyz/chain-registry/pull/192,open
193,[],bibebong_8007741-1,2024-02-08 16:22:21+00:00,https://github.com/dymensionxyz/chain-registry/pull/193,open
194,[],Add qtxct_6195161-1 RollApp,2024-02-08 16:39:56+00:00,https://github.com/dymensionxyz/chain-registry/pull/194,open
195,[],Update serotonin_3433423-1.json,2024-02-08 16:49:06+00:00,https://github.com/dymensionxyz/chain-registry/pull/195,closed
196,[],added RollApp,2024-02-08 16:54:46+00:00,https://github.com/dymensionxyz/chain-registry/pull/196,open
197,[],added Goldberg,2024-02-08 17:02:41+00:00,https://github.com/dymensionxyz/chain-registry/pull/197,closed
198,[],added RollApp,2024-02-08 17:12:31+00:00,https://github.com/dymensionxyz/chain-registry/pull/198,open
199,[],Added new RollApp,2024-02-08 17:38:05+00:00,https://github.com/dymensionxyz/chain-registry/pull/199,open
200,[],Add files via upload,2024-02-08 17:46:08+00:00,https://github.com/dymensionxyz/chain-registry/pull/200,open
201,[],brknode_1574520-1,2024-02-08 17:56:57+00:00,https://github.com/dymensionxyz/chain-registry/pull/201,open
202,[],Add files via upload,2024-02-08 18:07:23+00:00,https://github.com/dymensionxyz/chain-registry/pull/202,open
203,[],Bernard,2024-02-08 18:34:02+00:00,https://github.com/dymensionxyz/chain-registry/pull/203,open
204,[],Update rufath_6047975-1.json,2024-02-08 18:46:21+00:00,https://github.com/dymensionxyz/chain-registry/pull/204,open
205,[],Avail Task ,2024-02-08 18:47:22+00:00,https://github.com/dymensionxyz/chain-registry/pull/205,closed
206,[],Update blackstar_7372002-1.json,2024-02-08 18:50:30+00:00,https://github.com/dymensionxyz/chain-registry/pull/206,open
207,[],Update lavenil_9813763-1.json,2024-02-08 18:53:05+00:00,https://github.com/dymensionxyz/chain-registry/pull/207,closed
208,[],Add hero_6272393-1 - Avail Clash of Nodes,2024-02-08 18:56:06+00:00,https://github.com/dymensionxyz/chain-registry/pull/208,open
209,[],Add files via upload json ,2024-02-08 19:45:11+00:00,https://github.com/dymensionxyz/chain-registry/pull/209,closed
210,[],Add blockchaindev_5542733-1,2024-02-08 20:48:06+00:00,https://github.com/dymensionxyz/chain-registry/pull/210,closed
211,[],ilaybilge_4650277-1,2024-02-08 22:57:31+00:00,https://github.com/dymensionxyz/chain-registry/pull/211,open
212,[],Update aabbozo_2771359-1.json,2024-02-08 23:22:42+00:00,https://github.com/dymensionxyz/chain-registry/pull/212,open
213,[],Add files via upload,2024-02-08 23:50:14+00:00,https://github.com/dymensionxyz/chain-registry/pull/213,closed
214,[],Update tacromi_1681031-1.json,2024-02-09 00:11:59+00:00,https://github.com/dymensionxyz/chain-registry/pull/214,open
215,[],Add files via upload,2024-02-09 00:39:05+00:00,https://github.com/dymensionxyz/chain-registry/pull/215,open
216,[],Update and rename networks.json to ponzo_1552441-1.json,2024-02-09 00:47:44+00:00,https://github.com/dymensionxyz/chain-registry/pull/216,open
217,[],Update rikotu_4747375-1.json,2024-02-09 00:52:18+00:00,https://github.com/dymensionxyz/chain-registry/pull/217,open
218,[],Adding blockchaindev_5542733-1,2024-02-09 01:54:01+00:00,https://github.com/dymensionxyz/chain-registry/pull/218,closed
219,[],Switch enigma_8075698-1 to goldberg,2024-02-09 02:29:24+00:00,https://github.com/dymensionxyz/chain-registry/pull/219,open
220,[],Added my new RollApp,2024-02-09 02:48:38+00:00,https://github.com/dymensionxyz/chain-registry/pull/220,open
221,[],Add files via upload,2024-02-09 06:36:05+00:00,https://github.com/dymensionxyz/chain-registry/pull/221,open
222,[],dympepes on lodestar chain,2024-02-09 07:11:02+00:00,https://github.com/dymensionxyz/chain-registry/pull/222,open
223,[],Add RollApp - EkkoNodes,2024-02-09 07:12:50+00:00,https://github.com/dymensionxyz/chain-registry/pull/223,closed
224,[],Add files via upload,2024-02-09 07:25:58+00:00,https://github.com/dymensionxyz/chain-registry/pull/224,closed
225,[],Avail Dymension rollapp registry,2024-02-09 07:55:53+00:00,https://github.com/dymensionxyz/chain-registry/pull/225,open
226,[],PR to new repo,2024-02-09 08:25:00+00:00,https://github.com/dymensionxyz/chain-registry/pull/226,closed
227,[],Adding sontga_2558659-1,2024-02-09 08:32:13+00:00,https://github.com/dymensionxyz/chain-registry/pull/227,open
228,[],migrate chamatamunew_8306540-1,2024-02-09 10:20:41+00:00,https://github.com/dymensionxyz/chain-registry/pull/228,closed
229,[],add chamatamunew_8306540-1,2024-02-09 10:38:25+00:00,https://github.com/dymensionxyz/chain-registry/pull/229,closed
230,[],changa DA Avail,2024-02-09 11:20:23+00:00,https://github.com/dymensionxyz/chain-registry/pull/230,open
231,[],Update milan_4055679-1.json,2024-02-09 11:33:15+00:00,https://github.com/dymensionxyz/chain-registry/pull/231,open
232,[],Add Arkham,2024-02-09 11:47:16+00:00,https://github.com/dymensionxyz/chain-registry/pull/232,open
233,[],Add files via upload,2024-02-09 11:58:32+00:00,https://github.com/dymensionxyz/chain-registry/pull/233,open
234,[],added chamatamunew_8306540-1,2024-02-09 12:05:36+00:00,https://github.com/dymensionxyz/chain-registry/pull/234,closed
235,[],add Equinox rollapp  avail da,2024-02-09 12:20:14+00:00,https://github.com/dymensionxyz/chain-registry/pull/235,open
236,[],Add Animus,2024-02-09 12:27:28+00:00,https://github.com/dymensionxyz/chain-registry/pull/236,open
237,[],Add files via upload,2024-02-09 12:31:04+00:00,https://github.com/dymensionxyz/chain-registry/pull/237,open
238,[],Add Ace,2024-02-09 12:37:00+00:00,https://github.com/dymensionxyz/chain-registry/pull/238,closed
239,[],Add ultramit,2024-02-09 14:59:55+00:00,https://github.com/dymensionxyz/chain-registry/pull/239,open
240,[],Add DMC,2024-02-09 15:00:56+00:00,https://github.com/dymensionxyz/chain-registry/pull/240,open
241,[],Celestia to Avail Update blvck_7037440-1.json,2024-02-09 15:03:42+00:00,https://github.com/dymensionxyz/chain-registry/pull/241,open
242,[],Add Umbros,2024-02-09 15:22:21+00:00,https://github.com/dymensionxyz/chain-registry/pull/242,open
243,[],OLD:Re-Submit rollapp Hand json file,2024-02-09 15:24:24+00:00,https://github.com/dymensionxyz/chain-registry/pull/243,open
244,[],Add phoenix Rollapp,2024-02-09 15:36:11+00:00,https://github.com/dymensionxyz/chain-registry/pull/244,open
245,[],Re-submit thuongdh rollapp,2024-02-09 15:37:29+00:00,https://github.com/dymensionxyz/chain-registry/pull/245,open
246,[],Added my RollApp,2024-02-09 15:44:56+00:00,https://github.com/dymensionxyz/chain-registry/pull/246,open
247,[],Add xvale,2024-02-09 15:45:28+00:00,https://github.com/dymensionxyz/chain-registry/pull/247,open
248,[],Add files via upload,2024-02-09 15:50:21+00:00,https://github.com/dymensionxyz/chain-registry/pull/248,open
249,[],Resubmit  diablox_2144414-1.json ,2024-02-09 16:01:37+00:00,https://github.com/dymensionxyz/chain-registry/pull/249,open
250,[],Add Avocado,2024-02-09 16:07:55+00:00,https://github.com/dymensionxyz/chain-registry/pull/250,open
251,[],added RollApp,2024-02-09 16:35:31+00:00,https://github.com/dymensionxyz/chain-registry/pull/251,open
252,[],Update paraf_6356383-1.json,2024-02-09 16:41:33+00:00,https://github.com/dymensionxyz/chain-registry/pull/252,open
253,[],Update reginsty,2024-02-09 17:37:17+00:00,https://github.com/dymensionxyz/chain-registry/pull/253,closed
254,[],Update aprianig_5262275-1.json,2024-02-09 18:42:45+00:00,https://github.com/dymensionxyz/chain-registry/pull/254,open
255,[],ok,2024-02-09 19:40:04+00:00,https://github.com/dymensionxyz/chain-registry/pull/255,open
256,[],change DA,2024-02-09 19:50:35+00:00,https://github.com/dymensionxyz/chain-registry/pull/256,open
257,[],use Avail layer,2024-02-09 20:00:11+00:00,https://github.com/dymensionxyz/chain-registry/pull/257,open
258,[],Add sarox_7384835-1 RollApp,2024-02-09 20:02:45+00:00,https://github.com/dymensionxyz/chain-registry/pull/258,open
259,[],molki and Avail,2024-02-09 20:16:11+00:00,https://github.com/dymensionxyz/chain-registry/pull/259,open
260,[],change the data availability network,2024-02-09 20:23:54+00:00,https://github.com/dymensionxyz/chain-registry/pull/260,open
261,[],PR change from celestia to avail,2024-02-09 20:30:35+00:00,https://github.com/dymensionxyz/chain-registry/pull/261,open
262,[],Update hurber_7215204-1.json,2024-02-09 22:05:01+00:00,https://github.com/dymensionxyz/chain-registry/pull/262,open
263,[],Add files via upload,2024-02-09 22:32:27+00:00,https://github.com/dymensionxyz/chain-registry/pull/263,closed
264,[],added daics_9875763-1 RollApp,2024-02-09 23:13:29+00:00,https://github.com/dymensionxyz/chain-registry/pull/264,closed
265,[],Create daics_9875763-1 rollapp,2024-02-09 23:36:02+00:00,https://github.com/dymensionxyz/chain-registry/pull/265,closed
266,[],Create thoalt_1238009-1 rollup,2024-02-10 00:45:13+00:00,https://github.com/dymensionxyz/chain-registry/pull/266,open
267,[],Adding blockchaindev_5542733-1,2024-02-10 01:22:43+00:00,https://github.com/dymensionxyz/chain-registry/pull/267,closed
268,[],added RollApp sargesmith,2024-02-10 02:23:47+00:00,https://github.com/dymensionxyz/chain-registry/pull/268,open
269,[],Adding My New RollApp,2024-02-10 03:46:41+00:00,https://github.com/dymensionxyz/chain-registry/pull/269,open
270,[],Update gracecampo_8565643-1.json,2024-02-10 05:21:29+00:00,https://github.com/dymensionxyz/chain-registry/pull/270,open
271,[],Added my new RollApp,2024-02-10 07:15:35+00:00,https://github.com/dymensionxyz/chain-registry/pull/271,open
272,[],added new RollApp,2024-02-10 07:21:17+00:00,https://github.com/dymensionxyz/chain-registry/pull/272,closed
273,[],chims_5840237-1,2024-02-10 07:50:29+00:00,https://github.com/dymensionxyz/chain-registry/pull/273,open
274,[],OLD:Adding My New RollApp,2024-02-10 08:10:30+00:00,https://github.com/dymensionxyz/chain-registry/pull/274,closed
275,[],looperz_9999903-1.json,2024-02-10 08:25:39+00:00,https://github.com/dymensionxyz/chain-registry/pull/275,open
276,[],Add RollApp - RAKKO,2024-02-10 08:38:57+00:00,https://github.com/dymensionxyz/chain-registry/pull/276,open
277,[],add rollapp,2024-02-10 09:17:54+00:00,https://github.com/dymensionxyz/chain-registry/pull/277,closed
278,[],Added my new RollApp,2024-02-10 10:41:47+00:00,https://github.com/dymensionxyz/chain-registry/pull/278,closed
279,[],Added my new  RollApp,2024-02-10 11:13:08+00:00,https://github.com/dymensionxyz/chain-registry/pull/279,open
280,[],Added my new RollApp,2024-02-10 11:38:16+00:00,https://github.com/dymensionxyz/chain-registry/pull/280,open
281,[],added RollApp RCH,2024-02-10 11:48:10+00:00,https://github.com/dymensionxyz/chain-registry/pull/281,open
282,[],Added my new RollApp,2024-02-10 12:13:28+00:00,https://github.com/dymensionxyz/chain-registry/pull/282,open
283,[],update channel agentr_6377203-1,2024-02-10 12:18:34+00:00,https://github.com/dymensionxyz/chain-registry/pull/283,open
284,[],Add new prolinkmoon_7662938-1,2024-02-10 12:24:10+00:00,https://github.com/dymensionxyz/chain-registry/pull/284,open
285,[],Add Rollapp katcovn,2024-02-10 13:02:50+00:00,https://github.com/dymensionxyz/chain-registry/pull/285,open
286,[],Added my new RollApp,2024-02-10 13:17:42+00:00,https://github.com/dymensionxyz/chain-registry/pull/286,open
287,[],Update gonluzenginrollapp_6211025-1.json,2024-02-10 13:36:26+00:00,https://github.com/dymensionxyz/chain-registry/pull/287,closed
288,[],SECARD to Avail Update,2024-02-10 13:51:38+00:00,https://github.com/dymensionxyz/chain-registry/pull/288,closed
289,[],Add files via upload,2024-02-10 13:55:00+00:00,https://github.com/dymensionxyz/chain-registry/pull/289,open
290,[],Add roller app halo_1083458-1,2024-02-10 14:20:11+00:00,https://github.com/dymensionxyz/chain-registry/pull/290,open
291,[],Added my new RollApp,2024-02-10 15:52:42+00:00,https://github.com/dymensionxyz/chain-registry/pull/291,open
292,[],Add RollApp — gloriousnode_5889344-1,2024-02-10 15:54:46+00:00,https://github.com/dymensionxyz/chain-registry/pull/292,open
293,[],avail da,2024-02-10 18:39:54+00:00,https://github.com/dymensionxyz/chain-registry/pull/293,open
294,[],Zeseidon,2024-02-10 21:17:49+00:00,https://github.com/dymensionxyz/chain-registry/pull/294,open
295,[],Update venus_3563382-1.json,2024-02-10 22:08:28+00:00,https://github.com/dymensionxyz/chain-registry/pull/295,closed
296,[],Update serotonin_3433423-1.json,2024-02-10 22:57:45+00:00,https://github.com/dymensionxyz/chain-registry/pull/296,closed
297,[],Update DA to Avail: phien_6690-1,2024-02-10 23:41:23+00:00,https://github.com/dymensionxyz/chain-registry/pull/297,open
298,[],adding isodayiavail_9849945-1.json,2024-02-10 23:46:04+00:00,https://github.com/dymensionxyz/chain-registry/pull/298,open
299,[],Update DA to Avail,2024-02-11 01:45:40+00:00,https://github.com/dymensionxyz/chain-registry/pull/299,open
300,[],anaklanang_5930880-1 Migrate Avail,2024-02-11 02:36:26+00:00,https://github.com/dymensionxyz/chain-registry/pull/300,open
301,[],venux_3616593-1,2024-02-11 03:13:14+00:00,https://github.com/dymensionxyz/chain-registry/pull/301,open
302,[],Add RollApp — clanify,2024-02-11 04:43:58+00:00,https://github.com/dymensionxyz/chain-registry/pull/302,open
303,[],Adding my new RollApp,2024-02-11 04:46:23+00:00,https://github.com/dymensionxyz/chain-registry/pull/303,open
304,[],add alpnode,2024-02-11 04:59:23+00:00,https://github.com/dymensionxyz/chain-registry/pull/304,open
305,[],Rollapp caviblocks_7357151-1,2024-02-11 06:22:23+00:00,https://github.com/dymensionxyz/chain-registry/pull/305,open
306,[],Add RollApp aviciiforever_7441774-1,2024-02-11 08:59:38+00:00,https://github.com/dymensionxyz/chain-registry/pull/306,open
307,[],Update orochi_88-1.json,2024-02-11 11:30:39+00:00,https://github.com/dymensionxyz/chain-registry/pull/307,open
308,[],Adding anhvtk,2024-02-11 11:58:27+00:00,https://github.com/dymensionxyz/chain-registry/pull/308,open
309,[],PR for chewy-7297564-1 roll app,2024-02-11 12:06:19+00:00,https://github.com/dymensionxyz/chain-registry/pull/309,open
310,[],Update yaznodes_4221705-1.json,2024-02-11 12:13:53+00:00,https://github.com/dymensionxyz/chain-registry/pull/310,open
311,[],adding papaman rollapp,2024-02-11 14:28:30+00:00,https://github.com/dymensionxyz/chain-registry/pull/311,open
312,[],Add files via upload,2024-02-11 14:34:07+00:00,https://github.com/dymensionxyz/chain-registry/pull/312,open
313,[],added RollApp,2024-02-11 16:16:06+00:00,https://github.com/dymensionxyz/chain-registry/pull/313,open
314,[],Update zero_9121816-1.json,2024-02-11 18:24:26+00:00,https://github.com/dymensionxyz/chain-registry/pull/314,open
315,[],Add hodor RollApp,2024-02-11 18:31:29+00:00,https://github.com/dymensionxyz/chain-registry/pull/315,open
316,[],Add files via upload,2024-02-11 18:49:23+00:00,https://github.com/dymensionxyz/chain-registry/pull/316,open
317,[],Update gonygogo_5700745-1.json,2024-02-11 20:10:48+00:00,https://github.com/dymensionxyz/chain-registry/pull/317,open
318,[],Added my new RollApp,2024-02-11 20:42:43+00:00,https://github.com/dymensionxyz/chain-registry/pull/318,closed
319,[],candas_6635324-1,2024-02-11 22:19:22+00:00,https://github.com/dymensionxyz/chain-registry/pull/319,open
320,[],Add files via upload,2024-02-11 23:34:55+00:00,https://github.com/dymensionxyz/chain-registry/pull/320,open
321,[],Added my new rollup,2024-02-12 04:41:56+00:00,https://github.com/dymensionxyz/chain-registry/pull/321,open
322,[],Nodes.Guru rollapp,2024-02-12 07:24:30+00:00,https://github.com/dymensionxyz/chain-registry/pull/322,open
323,[],Added my new RollApp,2024-02-12 08:56:08+00:00,https://github.com/dymensionxyz/chain-registry/pull/323,open
324,[],Add files via upload,2024-02-12 10:28:08+00:00,https://github.com/dymensionxyz/chain-registry/pull/324,open
325,[],Add files via upload,2024-02-12 12:42:10+00:00,https://github.com/dymensionxyz/chain-registry/pull/325,open
326,[],Saireddy rollap registry,2024-02-12 13:08:32+00:00,https://github.com/dymensionxyz/chain-registry/pull/326,open
327,[],Update gonygogo_5700745-1.json set to AVAIL,2024-02-12 14:01:59+00:00,https://github.com/dymensionxyz/chain-registry/pull/327,open
328,[],Added my new RollApp,2024-02-12 14:51:05+00:00,https://github.com/dymensionxyz/chain-registry/pull/328,open
329,[],Add files via upload,2024-02-12 15:10:10+00:00,https://github.com/dymensionxyz/chain-registry/pull/329,closed
330,[],tana,2024-02-12 15:35:32+00:00,https://github.com/dymensionxyz/chain-registry/pull/330,open
331,[],Update senoll_7695811-1,2024-02-12 15:40:10+00:00,https://github.com/dymensionxyz/chain-registry/pull/331,closed
332,[],Added my new RollApp,2024-02-12 16:41:18+00:00,https://github.com/dymensionxyz/chain-registry/pull/332,open
333,[],Avail RollApp,2024-02-12 16:47:33+00:00,https://github.com/dymensionxyz/chain-registry/pull/333,closed
334,[],Avail RollApp Chain,2024-02-12 16:55:44+00:00,https://github.com/dymensionxyz/chain-registry/pull/334,open
335,[],sercen_4266440-1,2024-02-12 17:17:52+00:00,https://github.com/dymensionxyz/chain-registry/pull/335,closed
336,[],added RollApp,2024-02-12 17:18:01+00:00,https://github.com/dymensionxyz/chain-registry/pull/336,closed
337,[],Added chamatamunew_8306540-1,2024-02-12 18:15:54+00:00,https://github.com/dymensionxyz/chain-registry/pull/337,closed
338,[],Added chamatamunew_8306540-1,2024-02-12 18:48:32+00:00,https://github.com/dymensionxyz/chain-registry/pull/338,closed
339,[],added chamatamunew_8306540-1,2024-02-12 19:37:34+00:00,https://github.com/dymensionxyz/chain-registry/pull/339,open
340,[],Add files via upload,2024-02-12 20:58:36+00:00,https://github.com/dymensionxyz/chain-registry/pull/340,open
341,[],Create paraf_6356383-1.json,2024-02-13 00:07:56+00:00,https://github.com/dymensionxyz/chain-registry/pull/341,open
342,[],Update paraf_6356383-1.json,2024-02-13 00:11:27+00:00,https://github.com/dymensionxyz/chain-registry/pull/342,open
343,[],awelmisin_4400287-1,2024-02-13 00:18:32+00:00,https://github.com/dymensionxyz/chain-registry/pull/343,open
344,[],Add my new RollApp,2024-02-13 01:50:28+00:00,https://github.com/dymensionxyz/chain-registry/pull/344,closed
345,[],Added Billion RollApp,2024-02-13 02:38:46+00:00,https://github.com/dymensionxyz/chain-registry/pull/345,open
346,[],Added my new RollApp,2024-02-13 03:16:17+00:00,https://github.com/dymensionxyz/chain-registry/pull/346,closed
347,[],Added RollApp Creeks / Avail Task,2024-02-13 04:24:48+00:00,https://github.com/dymensionxyz/chain-registry/pull/347,open
348,[],Added my new RollApp,2024-02-13 06:01:40+00:00,https://github.com/dymensionxyz/chain-registry/pull/348,closed
349,[],Please add my rollapp hoangnode_4663681-1,2024-02-13 09:10:18+00:00,https://github.com/dymensionxyz/chain-registry/pull/349,open
350,[],Added my new RollApp,2024-02-13 09:53:24+00:00,https://github.com/dymensionxyz/chain-registry/pull/350,open
351,[],Add Seaflag chain roll app,2024-02-13 10:01:25+00:00,https://github.com/dymensionxyz/chain-registry/pull/351,closed
352,[],Add RollApp — Boomsday,2024-02-13 10:34:07+00:00,https://github.com/dymensionxyz/chain-registry/pull/352,open
353,[],Update cnsask_8577089-1.json,2024-02-13 11:48:44+00:00,https://github.com/dymensionxyz/chain-registry/pull/353,closed
354,[],Added my new RollApp,2024-02-13 12:01:23+00:00,https://github.com/dymensionxyz/chain-registry/pull/354,open
355,[],Added my new RollApp,2024-02-13 12:04:03+00:00,https://github.com/dymensionxyz/chain-registry/pull/355,closed
356,[],Added my new RollApp,2024-02-13 12:53:48+00:00,https://github.com/dymensionxyz/chain-registry/pull/356,open
357,[],Add files via upload,2024-02-13 13:06:50+00:00,https://github.com/dymensionxyz/chain-registry/pull/357,open
358,[],Zelja,2024-02-13 13:16:14+00:00,https://github.com/dymensionxyz/chain-registry/pull/358,open
359,[],Add gembit_2457748-1,2024-02-13 14:28:32+00:00,https://github.com/dymensionxyz/chain-registry/pull/359,open
360,[],Update tolga_8331808-1.json,2024-02-13 23:35:48+00:00,https://github.com/dymensionxyz/chain-registry/pull/360,open
361,[],memolisr_8935760-1,2024-02-14 01:06:52+00:00,https://github.com/dymensionxyz/chain-registry/pull/361,open
362,[],Update zeycan_3437501-1.json,2024-02-14 11:26:27+00:00,https://github.com/dymensionxyz/chain-registry/pull/362,closed
363,[],zaza_4792283-1,2024-02-14 11:41:34+00:00,https://github.com/dymensionxyz/chain-registry/pull/363,open
364,[],Update stevards_9693435-1.json,2024-02-14 11:43:22+00:00,https://github.com/dymensionxyz/chain-registry/pull/364,open
365,[],change ip for rollapp sychonix,2024-02-14 13:52:28+00:00,https://github.com/dymensionxyz/chain-registry/pull/365,open
366,[],Avail task,2024-02-14 13:54:13+00:00,https://github.com/dymensionxyz/chain-registry/pull/366,closed
367,[],Update dymgalen_6981774-1.json,2024-02-14 14:36:12+00:00,https://github.com/dymensionxyz/chain-registry/pull/367,closed
368,[],Added my new RollApp,2024-02-14 15:35:54+00:00,https://github.com/dymensionxyz/chain-registry/pull/368,open
369,[],Update eektr_8173814-1.json,2024-02-14 18:20:04+00:00,https://github.com/dymensionxyz/chain-registry/pull/369,closed
370,[],Add RollApp - popcat,2024-02-14 21:31:44+00:00,https://github.com/dymensionxyz/chain-registry/pull/370,open
371,[],added RollApp,2024-02-15 02:05:35+00:00,https://github.com/dymensionxyz/chain-registry/pull/371,open
372,[],The First Music RollApp in the Hub!,2024-02-15 06:23:49+00:00,https://github.com/dymensionxyz/chain-registry/pull/372,open
373,[],RollApp,2024-02-15 06:54:50+00:00,https://github.com/dymensionxyz/chain-registry/pull/373,open
374,[],Zerochain Rollapp Pull request,2024-02-15 07:58:25+00:00,https://github.com/dymensionxyz/chain-registry/pull/374,open
375,[],register-rollapp,2024-02-15 10:06:46+00:00,https://github.com/dymensionxyz/chain-registry/pull/375,open
376,[],added RollApp,2024-02-15 10:59:18+00:00,https://github.com/dymensionxyz/chain-registry/pull/376,open
377,[],Adding shingle,2024-02-15 13:09:20+00:00,https://github.com/dymensionxyz/chain-registry/pull/377,open
378,[],added kooo_9044943-1,2024-02-15 19:08:23+00:00,https://github.com/dymensionxyz/chain-registry/pull/378,open
379,[],Add sahir_6054111-1,2024-02-15 20:57:02+00:00,https://github.com/dymensionxyz/chain-registry/pull/379,open
380,[],Create outerspacestaking_9690709-1.json Avail RollApp,2024-02-15 23:40:45+00:00,https://github.com/dymensionxyz/chain-registry/pull/380,open
381,[],added RollApp,2024-02-16 04:03:05+00:00,https://github.com/dymensionxyz/chain-registry/pull/381,open
382,[],Add RollApp — mmnaff,2024-02-16 07:12:25+00:00,https://github.com/dymensionxyz/chain-registry/pull/382,open
383,[],atacoin rollapp setup,2024-02-16 13:33:15+00:00,https://github.com/dymensionxyz/chain-registry/pull/383,open
384,[],Added my new RollApp,2024-02-16 14:34:57+00:00,https://github.com/dymensionxyz/chain-registry/pull/384,open
385,[],added RollApp,2024-02-16 17:58:33+00:00,https://github.com/dymensionxyz/chain-registry/pull/385,open
386,[],Add files via upload,2024-02-16 21:09:34+00:00,https://github.com/dymensionxyz/chain-registry/pull/386,open
387,[],immamm added RollApp,2024-02-16 22:56:57+00:00,https://github.com/dymensionxyz/chain-registry/pull/387,open
388,[],added RollApp with https,2024-02-17 03:17:01+00:00,https://github.com/dymensionxyz/chain-registry/pull/388,open
389,[],marso_7498810-1 Avail Dym Rolap,2024-02-17 18:43:52+00:00,https://github.com/dymensionxyz/chain-registry/pull/389,open
390,[],update faraavail_6071273-1,2024-02-17 21:35:58+00:00,https://github.com/dymensionxyz/chain-registry/pull/390,open
391,[],Update paraf_6356383-1.json,2024-02-18 00:07:49+00:00,https://github.com/dymensionxyz/chain-registry/pull/391,open
392,[],added RollApp,2024-02-18 06:02:15+00:00,https://github.com/dymensionxyz/chain-registry/pull/392,open
393,[],added RollApp,2024-02-18 08:43:49+00:00,https://github.com/dymensionxyz/chain-registry/pull/393,open
394,[],fix: change http endpoints to https,2024-02-18 12:51:02+00:00,https://github.com/dymensionxyz/chain-registry/pull/394,open
395,[],Add files via upload,2024-02-18 14:36:44+00:00,https://github.com/dymensionxyz/chain-registry/pull/395,open
396,[],add KingSuper rollapp,2024-02-18 14:55:19+00:00,https://github.com/dymensionxyz/chain-registry/pull/396,open
397,[],Update burcu_6461485-1.json,2024-02-18 22:10:38+00:00,https://github.com/dymensionxyz/chain-registry/pull/397,open
398,[],Update krews_5203950-1.json,2024-02-18 23:10:11+00:00,https://github.com/dymensionxyz/chain-registry/pull/398,open
399,[],Added my new RollApp,2024-02-19 03:40:58+00:00,https://github.com/dymensionxyz/chain-registry/pull/399,open
400,[],Update dantecrz_8494502-1.json,2024-02-19 05:05:42+00:00,https://github.com/dymensionxyz/chain-registry/pull/400,open
401,[],Add danielvo_9828108-1,2024-02-19 06:06:04+00:00,https://github.com/dymensionxyz/chain-registry/pull/401,open
402,[],added RollApp,2024-02-19 10:57:31+00:00,https://github.com/dymensionxyz/chain-registry/pull/402,open
404,[],Adding rollapp,2024-02-19 13:29:09+00:00,https://github.com/dymensionxyz/chain-registry/pull/404,open
405,[],Update hrx_2809025-1.json,2024-02-19 18:48:14+00:00,https://github.com/dymensionxyz/chain-registry/pull/405,open
406,[],Add files via upload,2024-02-19 19:23:32+00:00,https://github.com/dymensionxyz/chain-registry/pull/406,closed
407,[],Add files via upload,2024-02-19 22:02:34+00:00,https://github.com/dymensionxyz/chain-registry/pull/407,closed
408,[],Add files via upload,2024-02-19 22:11:44+00:00,https://github.com/dymensionxyz/chain-registry/pull/408,open
409,[],Add files via upload,2024-02-19 22:32:44+00:00,https://github.com/dymensionxyz/chain-registry/pull/409,open
410,[],Added my new RollApp,2024-02-20 00:21:24+00:00,https://github.com/dymensionxyz/chain-registry/pull/410,open
411,[],added RollApp,2024-02-20 06:41:23+00:00,https://github.com/dymensionxyz/chain-registry/pull/411,open
412,[],add my new rollapp,2024-02-20 06:56:55+00:00,https://github.com/dymensionxyz/chain-registry/pull/412,open
413,[],Add files via upload,2024-02-20 12:12:21+00:00,https://github.com/dymensionxyz/chain-registry/pull/413,open
414,[],Update gas to 5B adym.json,2024-02-20 12:59:18+00:00,https://github.com/dymensionxyz/chain-registry/pull/414,closed
415,[],Update dexalor_8891777-1.json,2024-02-20 15:02:12+00:00,https://github.com/dymensionxyz/chain-registry/pull/415,open
416,[],Update kesgin_1358754-1.json,2024-02-20 15:21:10+00:00,https://github.com/dymensionxyz/chain-registry/pull/416,open
417,[],Resubmit Update bp_1603730-1.json,2024-02-20 16:38:46+00:00,https://github.com/dymensionxyz/chain-registry/pull/417,open
418,[],Create paraf_6356383-1.json,2024-02-20 16:44:07+00:00,https://github.com/dymensionxyz/chain-registry/pull/418,open
419,[],Add MilkyWay,2024-02-23 04:32:10+00:00,https://github.com/dymensionxyz/chain-registry/pull/419,closed
420,[],Added new RollApp,2024-03-07 14:45:22+00:00,https://github.com/dymensionxyz/chain-registry/pull/420,open
421,[],Add stDYM,2024-03-13 15:28:27+00:00,https://github.com/dymensionxyz/chain-registry/pull/421,closed
422,[],Add my new RollAPP,2024-03-16 07:04:40+00:00,https://github.com/dymensionxyz/chain-registry/pull/422,open
423,[],added RollApp,2024-03-28 04:30:55+00:00,https://github.com/dymensionxyz/chain-registry/pull/423,closed
424,[],Added the new RollApp,2024-03-29 06:45:35+00:00,https://github.com/dymensionxyz/chain-registry/pull/424,open
425,[],add devnet evm rollapp,2024-04-04 20:19:52+00:00,https://github.com/dymensionxyz/chain-registry/pull/425,closed
426,[],add Blumbus into Internal-devnet,2024-04-05 07:59:53+00:00,https://github.com/dymensionxyz/chain-registry/pull/426,closed
427,[],chore: add wasm rollapp,2024-04-07 11:06:39+00:00,https://github.com/dymensionxyz/chain-registry/pull/427,open
428,[],chore: add evma to internal devnet,2024-04-09 16:17:18+00:00,https://github.com/dymensionxyz/chain-registry/pull/428,closed
429,[],chore: add nim to testnet,2024-04-16 13:25:58+00:00,https://github.com/dymensionxyz/chain-registry/pull/429,closed
430,[],chore(blumbus): add rax,2024-04-17 14:40:38+00:00,https://github.com/dymensionxyz/chain-registry/pull/430,closed
431,[],fix: add rax,2024-04-17 16:24:23+00:00,https://github.com/dymensionxyz/chain-registry/pull/431,closed
435,[],chore: add nimtwo,2024-04-26 21:56:56+00:00,https://github.com/dymensionxyz/chain-registry/pull/435,closed
436,[],fix: ibc channels,2024-04-26 23:16:31+00:00,https://github.com/dymensionxyz/chain-registry/pull/436,closed
437,[],chore: add rolx,2024-04-29 04:14:37+00:00,https://github.com/dymensionxyz/chain-registry/pull/437,closed
438,[],Update nebulafi_1336836-1.json,2024-05-03 13:54:34+00:00,https://github.com/dymensionxyz/chain-registry/pull/438,closed
439,[],chore: add rollappy,2024-05-08 15:58:27+00:00,https://github.com/dymensionxyz/chain-registry/pull/439,closed
440,[],Added my onchaingaming rollapp details to display on Hub,2024-05-11 03:05:18+00:00,https://github.com/dymensionxyz/chain-registry/pull/440,open
